<?xml version="1.0" encoding="UTF-8"?>
<!DOCTYPE hibernate-mapping PUBLIC "-//Hibernate/Hibernate Mapping DTD 3.0//EN" "http://hibernate.sourceforge.net/hibernate-mapping-3.0.dtd">
<hibernate-mapping>
    <class name="pojo0318.Reader" table="reader">
        <id name="rid" column="rid">
            <generator class="assigned" /><!-- 主键的生成策略 -->
        </id>
        <property name="rname" column="rname"></property>
        <property name="ridcard" column="ridcard"></property>
    </class>
</hibernate-mapping>