<?xml version="1.0" encoding="UTF-8"?>
<!DOCTYPE hibernate-mapping PUBLIC "-//Hibernate/Hibernate Mapping DTD 3.0//EN" "http://hibernate.sourceforge.net/hibernate-mapping-3.0.dtd">
<hibernate-mapping>
    <class name="pojo0318.Users" table="users">
        <id name="uid" column="userid">
            <generator class="assigned" /><!-- 主键的生成策略 -->
        </id>
        <property name="uname" column="uname"></property>
        <property name="upwd" column="upwd"></property>
        <property name="limit" column="limit"></property>
    </class>
</hibernate-mapping>