<?xml version='1.0' encoding='UTF-8'?>
<!DOCTYPE hibernate-configuration PUBLIC
          "-//Hibernate/Hibernate Configuration DTD 3.0//EN"
          "http://www.hibernate.org/dtd/hibernate-configuration-3.0.dtd">
<!-- Generated by MyEclipse Hibernate Tools.                   -->
<hibernate-configuration>

<session-factory>
	<property name="myeclipse.connection.profile">SSH</property>
	<property name="connection.url">jdbc:sqlserver://10.211.55.4:1433;databaseName=BMSSH</property>
	<property name="connection.username">sa</property>
	<property name="connection.password">sql2008</property>
	<property name="connection.driver_class">com.microsoft.sqlserver.jdbc.SQLServerDriver</property>
	<property name="dialect">org.hibernate.dialect.SQLServerDialect</property>
	<property name="current_session_context_class">thread</property>
	<property name="show_sql">true</property>
	<mapping resource="pojo0318/Users.hbm.xml" />
	<mapping resource="pojo0318/Reader.hbm.xml" />
	<mapping resource="pojo0318/BookType.hbm.xml" />
	<mapping resource="pojo0318/BookInfo.hbm.xml" />

</session-factory>

</hibernate-configuration>