<?xml version="1.0" encoding="UTF-8" ?>

<!DOCTYPE struts PUBLIC
        "-//Apache Software Foundation//DTD Struts Configuration 2.5//EN"
        "http://struts.apache.org/dtds/struts-2.5.dtd">


<struts>
    <package name="users" extends="struts-default" namespace="/">
        <action name="Users_login" class="action0318.UsersAction" method="login">
            <result name="success">/main.jsp</result>
            <result name="input">/login.jsp</result>
        </action>
    </package>
</struts>