<?xml version="1.0" encoding="UTF-8" ?>

<!DOCTYPE struts PUBLIC
        "-//Apache Software Foundation//DTD Struts Configuration 2.5//EN"
        "http://struts.apache.org/dtds/struts-2.5.dtd">


<struts>
    <package name="reader" extends="struts-default" namespace="/">
        <action name="Reader_add" class="action0318.ReaderAction" method="addReader">
            <result name="success" type="chain">Reader_findAll</result>
            <result name="input">/readerinfo_add.jsp</result>
        </action>
        
        <action name="Reader_delete" class="action0318.ReaderAction" method="deleteReader">
            <result name="success" type="chain">Reader_findAll</result>
        </action>
        
        <action name="Reader_findAll" class="action0318.ReaderAction" method="findAll">
            <result name="success">/readerinfo_queryall.jsp</result>
        </action>
        
        <action name="Reader_findOne" class="action0318.ReaderAction" method="findOneReader">
            <result name="success">/readerinfo_update.jsp</result>
        </action>
        
        <action name="Reader_update" class="action0318.ReaderAction" method="updateReader">
            <result name="success" type="chain">Reader_findAll</result>
        </action>
    </package>
</struts>