<?xml version="1.0" encoding="UTF-8" ?>

<!DOCTYPE struts PUBLIC
        "-//Apache Software Foundation//DTD Struts Configuration 2.5//EN"
        "http://struts.apache.org/dtds/struts-2.5.dtd">


<struts>
    <constant name="struts.i18n.encoding" value="gb2312"></constant>
    <constant name="struts.custom.i18n.resources" value="login"></constant>
    <include file="struts-login.xml"></include>
    <include file="struts-reader.xml"></include>
    <include file="struts-booktype.xml"></include>
    <include file="struts-bookinfo.xml"></include>

</struts>